10 Cloverfield Lane|Mar 11, 2016
Drew McWeeny|100
Bill Zwecker|100
Jeannette Catsoulis|100
Allison Shoemaker|91
Kate Erbland|91
Justin Chang|90
Barry Hertz|88
Peter Travers|88
Bryan Bishop|85
Hal Lipper|83
Stephanie Zacharek|80
Ethan Sacks|80
Jonathan Pile|80
Jordan Hoffman|80
Jamie Graham|80
Robbie Collin|80
Tim Grierson|80
Justin Lowe|80
James Berardinelli|75
Sara Stewart|75
Brian Truitt|75
Michael Phillips|75
Lawrence Toppman|75
Daniel Schindel|75
Michael O'Sullivan|75
A.A. Dowd |75
Steven Rea|75
Brian Tallerico|75
Mick LaSalle|75
Kevin Jagernauth|75
Chris Nashawaty|75
David Edelstein|70
Mark Olsen|70
Erin Whitney|70
Alan Scherstuhl|70
Alonso Duralde|70
Marc Savlov|67
Rene Rodriguez|63
Joshua Rothkopf|60
Bill Goodykoontz|60
Chuck Bowen|50
Roger Moore|38
Soren Andersen|38
